{"SD_3L_Upscale32": {"train_losses": [4.587899133367676e-05], "train_accs": [0.0], "val_losses": [0.00018282332182384097, 0.0001822064398236675, 0.00018176292615305204], "val_accs": [0.00013195441108916647, 0.00012830478078860563, 0.0001321166168803025]}, "SD_7L_Upscale128": {"train_losses": [5.302314448348629e-05], "train_accs": [0.0], "val_losses": [0.00018169108417333366, 0.00018203546024020582, 0.0001822720038036725], "val_accs": [0.00013495521822518317, 0.00013308985162711873, 0.0001289536039531498]}, "SD_4L_Upscale128": {"train_losses": [4.561807933160304e-05], "train_accs": [0.0], "val_losses": [0.00018165598126945623, 0.00018188820723855073, 0.00018222151590227155], "val_accs": [0.000134306395060639, 0.00013017014738667007, 0.00013008904449110203]}, "SD_3L_LR_1e-4": {"train_losses": [5.072417652488915e-05], "train_accs": [0.0], "val_losses": [0.00018195629485563746, 0.00018142002243984814, 0.00018198812201237485], "val_accs": [0.0001290347068487178, 0.00013576624718086334, 0.0001313055879246223]}, "SD_3L_Upscale32_LR_1e-4": {"train_losses": [4.810089875393436e-05], "train_accs": [0.0], "val_losses": [0.00018168095110682406, 0.0001820115908781475, 0.00018171330081143824], "val_accs": [0.0001350363211207512, 0.0001338197776872309, 0.00012968353001326194]}, "SD_7L_Upscale128_LR_1e-4": {"train_losses": [4.8515440554227246e-05], "train_accs": [0.0], "val_losses": [0.00018202672326445645, 0.00018229161064153157, 0.00018194344927372833], "val_accs": [0.00013414418926950298, 0.0001313055879246223, 0.00013268433714927865]}, "SD_4L_Upscale128_LR_1e-4": {"train_losses": [4.560779803941608e-05], "train_accs": [0.0], "val_losses": [0.0001821373324802327, 0.00018155419240814622, 0.00018157967860573098], "val_accs": [0.00012798036920633356, 0.00013454970374734306, 0.0001347119095384791]}, "SD_5L_Upscale256": {"train_losses": [4.624429476147885e-05], "train_accs": [0.0], "val_losses": [0.0001817270154501774, 0.00018474363221187683, 0.0001834945614879038], "val_accs": [0.00013049455896894214, 0.00013049455896894214, 0.0001316299995068944]}, "SD_6L_Upscale256": {"train_losses": [4.6078204041163754e-05], "train_accs": [0.0], "val_losses": [0.00018176965059242572, 0.00018233613688733045, 0.00018317696978965904], "val_accs": [0.00012579059102599705, 0.00012911580974428582, 0.0001316299995068944]}, "SD_4L_Upscale256_LatentEncode": {"train_losses": [4.678476928810466e-05], "train_accs": [0.0], "val_losses": [0.00018179575137932796, 0.00018388500885924668, 0.00026435096744796614], "val_accs": [0.00013090007344678222, 0.00013308985162711873, 0.00013746940798779175]}}