{"train_losses": [4.810089875393436e-05], "train_accs": [0.0], "val_losses": [0.00018168095110682406, 0.0001820115908781475, 0.00018171330081143824], "val_accs": [0.0001350363211207512, 0.0001338197776872309, 0.00012968353001326194]}