{"train_losses": [4.587899133367676e-05], "train_accs": [0.0], "val_losses": [0.00018282332182384097, 0.0001822064398236675, 0.00018176292615305204], "val_accs": [0.00013195441108916647, 0.00012830478078860563, 0.0001321166168803025]}