{"train_losses": [5.072417652488915e-05], "train_accs": [0.0], "val_losses": [0.00018195629485563746, 0.00018142002243984814, 0.00018198812201237485], "val_accs": [0.0001290347068487178, 0.00013576624718086334, 0.0001313055879246223]}