{"train_losses": [0.5831373324378187], "train_accs": [0.0], "val_losses": [0.7000977423693567, 0.762735696978158, 0.8077972210724673, 0.8326459349914358, 1.009416917172842], "val_accs": [0.49995880304351437, 0.6480675383553396, 0.6725382872186929, 0.6842040812884073, 0.6846459754141754]}