{"train_losses": [4.561807933160304e-05], "train_accs": [0.0], "val_losses": [0.00018165598126945623, 0.00018188820723855073, 0.00018222151590227155], "val_accs": [0.000134306395060639, 0.00013017014738667007, 0.00013008904449110203]}