{"train_losses": [4.678476928810466e-05], "train_accs": [0.0], "val_losses": [0.00018179575137932796, 0.00018388500885924668, 0.00026435096744796614], "val_accs": [0.00013090007344678222, 0.00013308985162711873, 0.00013746940798779175]}