{"train_losses": [4.560779803941608e-05], "train_accs": [0.0], "val_losses": [0.0001821373324802327, 0.00018155419240814622, 0.00018157967860573098], "val_accs": [0.00012798036920633356, 0.00013454970374734306, 0.0001347119095384791]}