{"train_losses": [4.624429476147885e-05], "train_accs": [0.0], "val_losses": [0.0001817270154501774, 0.00018474363221187683, 0.0001834945614879038], "val_accs": [0.00013049455896894214, 0.00013049455896894214, 0.0001316299995068944]}