{"train_losses": [4.6078204041163754e-05], "train_accs": [0.0], "val_losses": [0.00018176965059242572, 0.00018233613688733045, 0.00018317696978965904], "val_accs": [0.00012579059102599705, 0.00012911580974428582, 0.0001316299995068944]}