{"train_losses": [4.8515440554227246e-05], "train_accs": [0.0], "val_losses": [0.00018202672326445645, 0.00018229161064153157, 0.00018194344927372833], "val_accs": [0.00013414418926950298, 0.0001313055879246223, 0.00013268433714927865]}