{"train_losses": [5.302314448348629e-05], "train_accs": [0.0], "val_losses": [0.00018169108417333366, 0.00018203546024020582, 0.0001822720038036725], "val_accs": [0.00013495521822518317, 0.00013308985162711873, 0.0001289536039531498]}